rule_id	category	description	paper_count	severity_votes	severity	exemplar_quote	primary_section	evidence	prior_row	top_papers	status
R001	abstract_claim	摘要用 This study introduces 点名方法与缩写，不用 Here we	1		major	This study introduces a deep neural networks-based model predictive control (DNNs-MPC) that can utilize various gradient-based neural network models as predictors, enhancing the predictive capabilities of MPC and improving performance for nonlinear systems with large time-delay.	abstract	distilled		ZVIVPYR4	candidate
R002	related_inlined	Related Work 并入 Introduction 中段，无独立 Related Work 节	167		minor	Despite these advancements, integrating DL with traditional control frameworks, such as MPC, remains an emerging field with significant potential for innovation.	introduction	distilled		22FKUL6P,29PVLNE4,2CTUAEE7,2ICHB7KL,2Q5GWEE7	core
R003	intro_roadmap	Introduction 末段用 The rest of this article is organized as follows 指向后续节	81		major	The rest of this article is organized as follows. Section II details the research methodology employed. Section III presents experimental results to validate the effectiveness of the proposed approach, followed by a summary. Finally, Section IV concludes this article.	introduction	distilled		2CTUAEE7,2YFQJ43K,34NGSQUS,3E6X63K8,4CK8VKHJ	core
R004	contribution_list	Introduction 用编号贡献列表收束；引导句随篇变化（The main contributions of this article are as follows / can be summarized as follows / The primary contributions of this work / Our contributions in this work are summarized as follows / The key insights and contributions of this article are summarized as follows）	121		major	The main contributions of this article are as follows.	introduction	distilled		2CTUAEE7,2DA2ZTFJ,2ICHB7KL,2Q5GWEE7,2SARX4DS	core
R005	conclusion_limitations	Conclusion 先收回本文方法，再写局限或不足，并用 future work / future research 指向后续。Although / Therefore / Despite / Moving forward / In future work / Nevertheless 只是连接变体，不是必用句。	145		major	Although our method has exhibited commendable performance, it is sensitive to parameter settings.	conclusion	distilled		22FKUL6P,29PVLNE4,2CTUAEE7,2DA2ZTFJ,2ICHB7KL	core
R006	related_independent	Introduction 之后设独立 RELATED WORK / RELATED WORKS 节	94		major	Causal relation modeling has recently gained attention in industrial soft sensing for revealing variable dependencies and directions, improving interpretability and accuracy [11].	related_work	distilled		2DA2ZTFJ,2ZC6ALPN,3TAA7MS7,44ME3TTW,46APYMSS	core
R007	abstract_claim	摘要用 To address this/these limitation(s), we propose 点名方法与缩写	2		major	To address this limitation, we propose a novel temporal autoencoder (TAE).	abstract	distilled		P46RA6G8,5HNMW4GE	candidate
R008	abstract_claim	摘要用 To address this limitation, ... is developed in this article 点名方法	1		major	To address this limitation, a conditional Gaussian mixture model (CGMM)-guided Transformer is developed in this article.	abstract	distilled		2YFQJ43K	candidate
R009	abstract_claim	摘要用 this article proposes 点名框架	68		major	To address this challenge, this article proposes a joint modeling framework that collaboratively optimizes a multiscale attention Kolmogorov-Arnold network (MSAKAN) soft sensor and a MambaMoE time-series forecasting model.	abstract	distilled		2W33JPHZ,3TAA7MS7,54KSYHLT,5HNMW4GE,75CLNG4H	core
